glider_sn, 1012
deployment_number, 3
fin_type, radome
glider_type, G3
length_days, 67.88472222222222
launch_datetime, 2023-12-13T19:46:00
end_datetime, 2024-02-19T17:00:00
log file,open time,disconnect,in-mission,data transfer drop,flight xfer drop,science xfer drop,other data xfer drop
ce_1012_20231213T194331_network_net_0.log,2023-12-13T19:43:31,False,True,False,False,False,False
ce_1012_20231213T194500_network_net_0.log,2023-12-13T19:45:00,False,True,False,False,False,False
ce_1012_20231213T194903_network_net_0.log,2023-12-13T19:49:03,True,True,False,False,False,False
ce_1012_20231213T202704_network_net_0.log,2023-12-13T20:27:04,False,False,True,True,False,False
ce_1012_20231213T214225_network_net_0.log,2023-12-13T21:42:25,False,True,False,False,False,False
ce_1012_20231213T224037_network_net_0.log,2023-12-13T22:40:37,False,True,True,True,False,False
ce_1012_20231213T233934_network_net_0.log,2023-12-13T23:39:34,True,True,False,False,False,False
ce_1012_20231214T004101_network_net_0.log,2023-12-14T00:41:01,True,True,False,False,False,False
ce_1012_20231214T014156_network_net_0.log,2023-12-14T01:41:56,True,True,False,False,False,False
ce_1012_20231214T024332_network_net_0.log,2023-12-14T02:43:32,True,True,False,False,False,False
ce_1012_20231214T034339_network_net_0.log,2023-12-14T03:43:39,True,True,False,False,False,False
ce_1012_20231214T064450_network_net_0.log,2023-12-14T06:44:50,True,True,False,False,False,False
ce_1012_20231214T095152_network_net_1.log,2023-12-14T09:51:52,True,True,False,False,False,False
ce_1012_20231214T125547_network_net_0.log,2023-12-14T12:55:47,True,True,False,False,False,False
ce_1012_20231214T155505_network_net_2.log,2023-12-14T15:55:05,False,True,False,False,False,False
ce_1012_20231214T160350_network_net_0.log,2023-12-14T16:03:50,True,True,False,False,False,False
ce_1012_20231214T184909_network_net_0.log,2023-12-14T18:49:09,True,True,False,False,False,False
ce_1012_20231214T214529_network_net_0.log,2023-12-14T21:45:29,True,True,False,False,False,False
ce_1012_20231215T004837_network_net_1.log,2023-12-15T00:48:37,False,True,True,False,True,False
ce_1012_20231215T035939_network_net_2.log,2023-12-15T03:59:39,True,True,False,False,False,False
ce_1012_20231215T070423_network_net_0.log,2023-12-15T07:04:23,True,True,False,False,False,False
ce_1012_20231215T100655_network_net_0.log,2023-12-15T10:06:55,True,True,False,False,False,False
ce_1012_20231215T130208_network_net_1.log,2023-12-15T13:02:08,True,True,False,False,False,False
ce_1012_20231215T191923_network_net_1.log,2023-12-15T19:19:23,True,True,False,False,False,False
ce_1012_20231215T215101_network_net_0.log,2023-12-15T21:51:01,True,True,False,False,False,False
ce_1012_20231216T010733_network_net_0.log,2023-12-16T01:07:33,True,True,False,False,False,False
ce_1012_20231216T040821_network_net_0.log,2023-12-16T04:08:21,True,True,False,False,False,False
ce_1012_20231216T070423_network_net_0.log,2023-12-16T07:04:23,True,True,False,False,False,False
ce_1012_20231216T105238_network_net_0.log,2023-12-16T10:52:38,False,True,True,False,True,False
ce_1012_20231216T141959_network_net_0.log,2023-12-16T14:19:59,True,True,False,False,False,False
ce_1012_20231216T170008_network_net_0.log,2023-12-16T17:00:08,False,True,False,False,False,False
ce_1012_20231216T170148_network_net_0.log,2023-12-16T17:01:48,False,True,False,False,False,False
ce_1012_20231216T191014_network_net_1.log,2023-12-16T19:10:14,False,True,True,False,True,False
ce_1012_20231216T230841_network_net_0.log,2023-12-16T23:08:41,False,True,True,False,True,False
ce_1012_20231217T021558_network_net_0.log,2023-12-17T02:15:58,False,True,True,False,True,False
ce_1012_20231217T050714_network_net_0.log,2023-12-17T05:07:14,False,True,True,True,False,False
ce_1012_20231217T081120_network_net_1.log,2023-12-17T08:11:20,False,True,True,False,True,False
ce_1012_20231217T110651_network_net_0.log,2023-12-17T11:06:51,True,True,False,False,False,False
ce_1012_20231217T140552_network_net_0.log,2023-12-17T14:05:52,True,True,False,False,False,False
ce_1012_20231217T170449_network_net_0.log,2023-12-17T17:04:49,True,True,False,False,False,False
ce_1012_20231217T200324_network_net_0.log,2023-12-17T20:03:24,False,True,True,True,False,False
ce_1012_20231217T231033_network_net_0.log,2023-12-17T23:10:33,False,True,False,False,False,False
ce_1012_20231217T231300_network_net_0.log,2023-12-17T23:13:00,False,True,False,False,False,False
ce_1012_20231218T020904_network_net_0.log,2023-12-18T02:09:04,True,True,False,False,False,False
ce_1012_20231218T050419_network_net_1.log,2023-12-18T05:04:19,False,True,False,False,False,False
ce_1012_20231218T081557_network_net_0.log,2023-12-18T08:15:57,False,True,False,False,False,False
ce_1012_20231218T110126_network_net_0.log,2023-12-18T11:01:26,True,True,False,False,False,False
ce_1012_20231218T141053_network_net_0.log,2023-12-18T14:10:53,False,True,False,False,False,False
ce_1012_20231218T141334_network_net_0.log,2023-12-18T14:13:34,True,True,False,False,False,False
ce_1012_20231218T171218_network_net_0.log,2023-12-18T17:12:18,False,True,True,False,True,False
ce_1012_20231218T200834_network_net_1.log,2023-12-18T20:08:34,True,True,False,False,False,False
ce_1012_20231218T230450_network_net_0.log,2023-12-18T23:04:50,True,True,False,False,False,False
ce_1012_20231219T021037_network_net_0.log,2023-12-19T02:10:37,True,True,False,False,False,False
ce_1012_20231219T050634_network_net_1.log,2023-12-19T05:06:34,True,True,False,False,False,False
ce_1012_20231219T081235_network_net_0.log,2023-12-19T08:12:35,False,True,False,False,False,False
ce_1012_20231219T082051_network_net_0.log,2023-12-19T08:20:51,True,True,False,False,False,False
ce_1012_20231219T110446_network_net_1.log,2023-12-19T11:04:46,True,True,False,False,False,False
ce_1012_20231219T141610_network_net_0.log,2023-12-19T14:16:10,False,True,True,True,False,False
ce_1012_20231219T170802_network_net_0.log,2023-12-19T17:08:02,True,True,False,False,False,False
ce_1012_20231219T201439_network_net_0.log,2023-12-19T20:14:39,False,True,False,False,False,False
ce_1012_20231219T202052_network_net_0.log,2023-12-19T20:20:52,True,False,False,False,False,False
ce_1012_20231220T001622_network_net_0.log,2023-12-20T00:16:22,False,True,True,True,False,False
ce_1012_20231220T041240_network_net_0.log,2023-12-20T04:12:40,False,True,False,False,False,False
ce_1012_20231220T041632_network_net_0.log,2023-12-20T04:16:32,False,True,False,False,False,False
ce_1012_20231220T064718_network_net_0.log,2023-12-20T06:47:18,False,True,True,False,True,False
ce_1012_20231220T065605_network_net_0.log,2023-12-20T06:56:05,False,True,False,False,False,False
ce_1012_20231220T070013_network_net_0.log,2023-12-20T07:00:13,False,False,False,False,False,False
ce_1012_20231220T070257_network_net_0.log,2023-12-20T07:02:57,True,False,False,False,False,False
ce_1012_20231220T105842_network_net_1.log,2023-12-20T10:58:42,False,True,False,False,False,False
ce_1012_20231220T110140_network_net_1.log,2023-12-20T11:01:40,True,True,False,False,False,False
ce_1012_20231220T144934_network_net_0.log,2023-12-20T14:49:34,True,True,False,False,False,False
ce_1012_20231220T171929_network_net_0.log,2023-12-20T17:19:29,True,True,False,False,False,False
ce_1012_20231220T205906_network_net_0.log,2023-12-20T20:59:06,True,True,False,False,False,False
ce_1012_20231220T233211_network_net_0.log,2023-12-20T23:32:11,True,True,False,False,False,False
ce_1012_20231221T025317_network_net_0.log,2023-12-21T02:53:17,False,True,False,False,False,False
ce_1012_20231221T025705_network_net_0.log,2023-12-21T02:57:05,False,True,False,False,False,False
ce_1012_20231221T053838_network_net_0.log,2023-12-21T05:38:38,True,True,False,False,False,False
ce_1012_20231221T084619_network_net_0.log,2023-12-21T08:46:19,False,True,False,False,False,False
ce_1012_20231221T084812_network_net_0.log,2023-12-21T08:48:12,False,True,False,False,False,False
ce_1012_20231221T114456_network_net_0.log,2023-12-21T11:44:56,False,True,True,False,True,False
ce_1012_20231221T144643_network_net_0.log,2023-12-21T14:46:43,True,True,False,False,False,False
ce_1012_20231221T173859_network_net_0.log,2023-12-21T17:38:59,True,True,False,False,False,False
ce_1012_20231221T204936_network_net_0.log,2023-12-21T20:49:36,True,True,False,False,False,False
ce_1012_20231221T234253_network_net_0.log,2023-12-21T23:42:53,False,True,True,False,True,False
ce_1012_20231222T025118_network_net_0.log,2023-12-22T02:51:18,False,True,True,False,True,False
ce_1012_20231222T054132_network_net_0.log,2023-12-22T05:41:32,True,True,False,False,False,False
ce_1012_20231222T084845_network_net_0.log,2023-12-22T08:48:45,True,True,False,False,False,False
ce_1012_20231222T114704_network_net_0.log,2023-12-22T11:47:04,False,True,False,False,False,False
ce_1012_20231222T115021_network_net_0.log,2023-12-22T11:50:21,False,True,False,False,False,False
ce_1012_20231222T144640_network_net_0.log,2023-12-22T14:46:40,True,True,False,False,False,False
ce_1012_20231222T174606_network_net_0.log,2023-12-22T17:46:06,False,True,False,False,False,False
ce_1012_20231222T174744_network_net_0.log,2023-12-22T17:47:44,False,True,True,False,True,False
ce_1012_20231222T205059_network_net_0.log,2023-12-22T20:50:59,False,True,False,False,False,False
ce_1012_20231222T210133_network_net_0.log,2023-12-22T21:01:33,True,True,False,False,False,False
ce_1012_20231222T233844_network_net_1.log,2023-12-22T23:38:44,False,True,False,False,False,False
ce_1012_20231223T024739_network_net_0.log,2023-12-23T02:47:39,False,True,False,False,False,False
ce_1012_20231223T054823_network_net_0.log,2023-12-23T05:48:23,True,True,False,False,False,False
ce_1012_20231223T084303_network_net_0.log,2023-12-23T08:43:03,False,True,False,False,False,False
ce_1012_20231223T084458_network_net_0.log,2023-12-23T08:44:58,True,True,False,False,False,False
ce_1012_20231223T115044_network_net_0.log,2023-12-23T11:50:44,False,True,False,False,False,False
ce_1012_20231223T115253_network_net_0.log,2023-12-23T11:52:53,True,True,False,False,False,False
ce_1012_20231223T145258_network_net_0.log,2023-12-23T14:52:58,True,True,False,False,False,False
ce_1012_20231223T174147_network_net_0.log,2023-12-23T17:41:47,False,True,False,False,False,False
ce_1012_20231223T210032_network_net_0.log,2023-12-23T21:00:32,False,True,True,True,False,False
ce_1012_20231223T233631_network_net_1.log,2023-12-23T23:36:31,False,True,False,False,False,False
ce_1012_20231224T025909_network_net_0.log,2023-12-24T02:59:09,False,True,True,False,True,False
ce_1012_20231224T054443_network_net_0.log,2023-12-24T05:44:43,True,True,False,False,False,False
ce_1012_20231224T085436_network_net_0.log,2023-12-24T08:54:36,True,True,False,False,False,False
ce_1012_20231224T115101_network_net_0.log,2023-12-24T11:51:01,True,True,False,False,False,False
ce_1012_20231224T145446_network_net_0.log,2023-12-24T14:54:46,False,True,True,False,True,False
ce_1012_20231224T234245_network_net_1.log,2023-12-24T23:42:45,False,True,True,False,True,False
ce_1012_20231225T025841_network_net_0.log,2023-12-25T02:58:41,True,True,False,False,False,False
ce_1012_20231225T053059_network_net_0.log,2023-12-25T05:30:59,True,True,False,False,False,False
ce_1012_20231225T090701_network_net_0.log,2023-12-25T09:07:01,True,True,False,False,False,False
ce_1012_20231225T150905_network_net_0.log,2023-12-25T15:09:05,False,True,True,False,True,False
ce_1012_20231225T151434_network_net_0.log,2023-12-25T15:14:34,False,True,False,False,False,False
ce_1012_20231225T151610_network_net_0.log,2023-12-25T15:16:10,True,False,False,False,False,False
ce_1012_20231225T191650_network_net_0.log,2023-12-25T19:16:50,False,True,True,True,False,False
ce_1012_20231225T231602_network_net_0.log,2023-12-25T23:16:02,True,True,False,False,False,False
ce_1012_20231226T014026_network_net_0.log,2023-12-26T01:40:26,True,True,False,False,False,False
ce_1012_20231226T053559_network_net_0.log,2023-12-26T05:35:59,True,True,False,False,False,False
ce_1012_20231226T073216_network_net_0.log,2023-12-26T07:32:16,False,True,True,False,True,False
ce_1012_20231226T114215_network_net_1.log,2023-12-26T11:42:15,True,True,False,False,False,False
ce_1012_20231226T131011_network_net_0.log,2023-12-26T13:10:11,True,True,False,False,False,False
ce_1012_20231226T170700_network_net_0.log,2023-12-26T17:07:00,True,True,False,False,False,False
ce_1012_20231226T195323_network_net_0.log,2023-12-26T19:53:23,False,True,False,False,False,False
ce_1012_20231226T200215_network_net_0.log,2023-12-26T20:02:15,True,True,False,False,False,False
ce_1012_20231227T034941_network_net_0.log,2023-12-27T03:49:41,False,True,False,False,False,False
ce_1012_20231227T113804_network_net_1.log,2023-12-27T11:38:04,False,True,True,False,True,False
ce_1012_20231227T114719_network_net_0.log,2023-12-27T11:47:19,False,False,False,False,False,False
ce_1012_20231227T120431_network_net_0.log,2023-12-27T12:04:31,True,False,False,False,False,False
ce_1012_20231227T194908_network_net_0.log,2023-12-27T19:49:08,False,True,False,False,False,False
ce_1012_20231228T033424_network_net_0.log,2023-12-28T03:34:24,False,True,False,False,False,False
ce_1012_20231229T023619_network_net_0.log,2023-12-29T02:36:19,True,True,False,False,False,False
ce_1012_20231229T102530_network_net_0.log,2023-12-29T10:25:30,False,True,False,False,False,False
ce_1012_20231229T180142_network_net_0.log,2023-12-29T18:01:42,True,True,False,False,False,False
ce_1012_20231229T220903_network_net_0.log,2023-12-29T22:09:03,True,True,False,False,False,False
ce_1012_20231230T015841_network_net_0.log,2023-12-30T01:58:41,False,True,False,False,False,False
ce_1012_20231230T093304_network_net_0.log,2023-12-30T09:33:04,True,True,False,False,False,False
ce_1012_20231230T171833_network_net_0.log,2023-12-30T17:18:33,True,True,False,False,False,False
ce_1012_20231230T211418_network_net_0.log,2023-12-30T21:14:18,False,True,False,False,False,False
ce_1012_20231231T005811_network_net_0.log,2023-12-31T00:58:11,False,True,False,False,False,False
ce_1012_20231231T161250_network_net_0.log,2023-12-31T16:12:50,True,True,False,False,False,False
ce_1012_20240101T002105_network_net_0.log,2024-01-01T00:21:05,False,True,True,False,True,False
ce_1012_20240101T081235_network_net_0.log,2024-01-01T08:12:35,False,True,True,True,False,False
ce_1012_20240101T233638_network_net_0.log,2024-01-01T23:36:38,False,True,True,True,False,False
ce_1012_20240102T075327_network_net_0.log,2024-01-02T07:53:27,False,True,True,False,True,False
ce_1012_20240102T080352_network_net_0.log,2024-01-02T08:03:52,True,True,False,False,False,False
ce_1012_20240102T105514_network_net_0.log,2024-01-02T10:55:14,False,True,False,False,False,False
ce_1012_20240102T105715_network_net_0.log,2024-01-02T10:57:15,True,True,False,False,False,False
ce_1012_20240102T183636_network_net_0.log,2024-01-02T18:36:36,False,True,True,False,True,False
ce_1012_20240103T021519_network_net_0.log,2024-01-03T02:15:19,False,True,True,False,True,False
ce_1012_20240103T104236_network_net_0.log,2024-01-03T10:42:36,False,True,True,False,True,False
ce_1012_20240103T183933_network_net_0.log,2024-01-03T18:39:33,False,False,True,True,False,False
ce_1012_20240103T191530_network_net_0.log,2024-01-03T19:15:30,True,False,False,False,False,False
ce_1012_20240103T192639_network_net_0.log,2024-01-03T19:26:39,True,False,False,False,False,False
ce_1012_20240103T200044_network_net_0.log,2024-01-03T20:00:44,True,False,False,False,False,False
ce_1012_20240103T201643_network_net_0.log,2024-01-03T20:16:43,False,False,True,True,False,False
ce_1012_20240103T203246_network_net_0.log,2024-01-03T20:32:46,True,False,False,False,False,False
ce_1012_20240103T204137_network_net_0.log,2024-01-03T20:41:37,False,False,True,True,False,False
ce_1012_20240103T205930_network_net_0.log,2024-01-03T20:59:30,False,True,False,False,False,False
ce_1012_20240103T210603_network_net_0.log,2024-01-03T21:06:03,False,False,False,False,False,False
ce_1012_20240103T210812_network_net_0.log,2024-01-03T21:08:12,True,False,False,False,False,False
ce_1012_20240104T044606_network_net_0.log,2024-01-04T04:46:06,False,True,True,False,True,False
ce_1012_20240104T200408_network_net_0.log,2024-01-04T20:04:08,False,True,True,True,False,False
ce_1012_20240105T022105_network_net_0.log,2024-01-05T02:21:05,False,True,True,True,False,False
ce_1012_20240105T074145_network_net_0.log,2024-01-05T07:41:45,False,True,True,True,False,False
ce_1012_20240105T154532_network_net_0.log,2024-01-05T15:45:32,False,True,False,False,False,False
ce_1012_20240105T174902_network_net_0.log,2024-01-05T17:49:02,True,True,False,False,False,False
ce_1012_20240105T190902_network_net_0.log,2024-01-05T19:09:02,True,True,False,False,False,False
ce_1012_20240105T200140_network_net_0.log,2024-01-05T20:01:40,False,True,True,True,False,False
ce_1012_20240105T211357_network_net_0.log,2024-01-05T21:13:57,False,True,True,True,False,False
ce_1012_20240105T215608_network_net_0.log,2024-01-05T21:56:08,True,True,False,False,False,False
ce_1012_20240105T224502_network_net_0.log,2024-01-05T22:45:02,True,True,False,False,False,False
ce_1012_20240105T232501_network_net_0.log,2024-01-05T23:25:01,True,True,False,False,False,False
ce_1012_20240106T000204_network_net_0.log,2024-01-06T00:02:04,True,True,False,False,False,False
ce_1012_20240106T012958_network_net_0.log,2024-01-06T01:29:58,True,True,False,False,False,False
ce_1012_20240106T034628_network_net_0.log,2024-01-06T03:46:28,False,True,True,False,True,False
ce_1012_20240106T072002_network_net_0.log,2024-01-06T07:20:02,True,True,False,False,False,False
ce_1012_20240106T104034_network_net_0.log,2024-01-06T10:40:34,False,True,False,False,False,False
ce_1012_20240106T161558_network_net_0.log,2024-01-06T16:15:58,False,True,False,False,False,False
ce_1012_20240106T212447_network_net_1.log,2024-01-06T21:24:47,False,True,True,False,True,False
ce_1012_20240106T213057_network_net_1.log,2024-01-06T21:30:57,True,False,False,False,False,False
ce_1012_20240107T023816_network_net_0.log,2024-01-07T02:38:16,False,True,True,False,True,False
ce_1012_20240107T074528_network_net_0.log,2024-01-07T07:45:28,False,True,True,False,True,False
ce_1012_20240107T135939_network_net_0.log,2024-01-07T13:59:39,False,True,True,False,True,False
ce_1012_20240107T140640_network_net_0.log,2024-01-07T14:06:40,False,False,False,False,False,False
ce_1012_20240107T141621_network_net_0.log,2024-01-07T14:16:21,False,False,False,False,False,False
ce_1012_20240107T142018_network_net_0.log,2024-01-07T14:20:18,False,False,False,False,False,False
ce_1012_20240107T142505_network_net_0.log,2024-01-07T14:25:05,False,False,False,False,False,False
ce_1012_20240107T142717_network_net_0.log,2024-01-07T14:27:17,False,False,False,False,False,False
ce_1012_20240107T143037_network_net_0.log,2024-01-07T14:30:37,False,False,False,False,False,False
ce_1012_20240107T143704_network_net_0.log,2024-01-07T14:37:04,False,False,False,False,False,False
ce_1012_20240107T144555_network_net_0.log,2024-01-07T14:45:55,False,True,False,False,False,False
ce_1012_20240107T144725_network_net_0.log,2024-01-07T14:47:25,True,False,False,False,False,False
ce_1012_20240107T220918_network_net_0.log,2024-01-07T22:09:18,False,True,False,False,False,False
ce_1012_20240108T054501_network_net_0.log,2024-01-08T05:45:01,True,True,False,False,False,False
ce_1012_20240108T132152_network_net_0.log,2024-01-08T13:21:52,False,True,False,False,False,False
ce_1012_20240108T210422_network_net_0.log,2024-01-08T21:04:22,True,True,False,False,False,False
ce_1012_20240109T044001_network_net_0.log,2024-01-09T04:40:01,False,True,False,False,False,False
ce_1012_20240109T122323_network_net_0.log,2024-01-09T12:23:23,False,True,False,False,False,False
ce_1012_20240109T200308_network_net_0.log,2024-01-09T20:03:08,True,True,False,False,False,False
ce_1012_20240110T034317_network_net_0.log,2024-01-10T03:43:17,False,True,False,False,False,False
ce_1012_20240110T034506_network_net_0.log,2024-01-10T03:45:06,False,True,False,False,False,False
ce_1012_20240110T112638_network_net_0.log,2024-01-10T11:26:38,False,True,False,False,False,False
ce_1012_20240110T190533_network_net_0.log,2024-01-10T19:05:33,True,True,False,False,False,False
ce_1012_20240111T101629_network_net_0.log,2024-01-11T10:16:29,True,True,False,False,False,False
ce_1012_20240111T175235_network_net_0.log,2024-01-11T17:52:35,False,True,False,False,False,False
ce_1012_20240112T012630_network_net_0.log,2024-01-12T01:26:30,False,True,False,False,False,False
ce_1012_20240112T090524_network_net_0.log,2024-01-12T09:05:24,False,True,False,False,False,False
ce_1012_20240112T164604_network_net_0.log,2024-01-12T16:46:04,False,True,False,False,False,False
ce_1012_20240113T002744_network_net_0.log,2024-01-13T00:27:44,True,True,False,False,False,False
ce_1012_20240113T154900_network_net_0.log,2024-01-13T15:49:00,True,True,False,False,False,False
ce_1012_20240113T233233_network_net_0.log,2024-01-13T23:32:33,True,True,False,False,False,False
ce_1012_20240114T071442_network_net_0.log,2024-01-14T07:14:42,False,True,False,False,False,False
ce_1012_20240114T144803_network_net_0.log,2024-01-14T14:48:03,True,True,False,False,False,False
ce_1012_20240115T054901_network_net_0.log,2024-01-15T05:49:01,True,True,False,False,False,False
ce_1012_20240115T133143_network_net_0.log,2024-01-15T13:31:43,True,True,False,False,False,False
ce_1012_20240115T211729_network_net_0.log,2024-01-15T21:17:29,False,True,False,False,False,False
ce_1012_20240116T123709_network_net_0.log,2024-01-16T12:37:09,True,True,False,False,False,False
ce_1012_20240116T201908_network_net_0.log,2024-01-16T20:19:08,False,True,True,False,True,False
ce_1012_20240116T213145_network_net_0.log,2024-01-16T21:31:45,False,True,True,False,True,False
ce_1012_20240116T213834_network_net_1.log,2024-01-16T21:38:34,False,False,False,False,False,False
ce_1012_20240116T233107_network_net_0.log,2024-01-16T23:31:07,False,True,True,False,True,False
ce_1012_20240116T234053_network_net_0.log,2024-01-16T23:40:53,True,True,False,False,False,False
ce_1012_20240117T071919_network_net_0.log,2024-01-17T07:19:19,False,True,True,False,True,False
ce_1012_20240117T150637_network_net_0.log,2024-01-17T15:06:37,False,True,True,True,False,False
ce_1012_20240117T225945_network_net_0.log,2024-01-17T22:59:45,True,True,False,False,False,False
ce_1012_20240118T065636_network_net_1.log,2024-01-18T06:56:36,True,True,False,False,False,False
ce_1012_20240118T144612_network_net_0.log,2024-01-18T14:46:12,False,True,True,False,True,False
ce_1012_20240118T224740_network_net_0.log,2024-01-18T22:47:40,True,True,False,False,False,False
ce_1012_20240119T065806_network_net_1.log,2024-01-19T06:58:06,False,True,True,False,True,False
ce_1012_20240119T145735_network_net_0.log,2024-01-19T14:57:35,True,True,False,False,False,False
ce_1012_20240119T230821_network_net_0.log,2024-01-19T23:08:21,False,True,True,False,True,False
ce_1012_20240120T070336_network_net_1.log,2024-01-20T07:03:36,False,True,True,False,True,False
ce_1012_20240120T071946_network_net_0.log,2024-01-20T07:19:46,True,True,False,False,False,False
ce_1012_20240120T121342_network_net_0.log,2024-01-20T12:13:42,True,False,False,False,False,False
ce_1012_20240120T140558_network_net_0.log,2024-01-20T14:05:58,True,False,False,False,False,False
ce_1012_20240120T142528_network_net_0.log,2024-01-20T14:25:28,False,True,False,False,False,False
ce_1012_20240120T143354_network_net_0.log,2024-01-20T14:33:54,False,True,False,False,False,False
ce_1012_20240120T143648_network_net_0.log,2024-01-20T14:36:48,False,True,False,False,False,False
ce_1012_20240120T144247_network_net_0.log,2024-01-20T14:42:47,False,True,False,False,False,False
ce_1012_20240120T144811_network_net_0.log,2024-01-20T14:48:11,False,True,False,False,False,False
ce_1012_20240120T145621_network_net_0.log,2024-01-20T14:56:21,False,True,False,False,False,False
ce_1012_20240120T145946_network_net_0.log,2024-01-20T14:59:46,False,True,False,False,False,False
ce_1012_20240120T150527_network_net_0.log,2024-01-20T15:05:27,False,True,False,False,False,False
ce_1012_20240120T151103_network_net_0.log,2024-01-20T15:11:03,False,True,False,False,False,False
ce_1012_20240120T151834_network_net_0.log,2024-01-20T15:18:34,False,True,False,False,False,False
ce_1012_20240120T152232_network_net_0.log,2024-01-20T15:22:32,False,True,False,False,False,False
ce_1012_20240120T152821_network_net_0.log,2024-01-20T15:28:21,False,True,False,False,False,False
ce_1012_20240120T153403_network_net_0.log,2024-01-20T15:34:03,False,True,False,False,False,False
ce_1012_20240120T153947_network_net_0.log,2024-01-20T15:39:47,False,True,False,False,False,False
ce_1012_20240120T154701_network_net_0.log,2024-01-20T15:47:01,False,True,False,False,False,False
ce_1012_20240120T155112_network_net_0.log,2024-01-20T15:51:12,True,True,False,False,False,False
ce_1012_20240120T164345_network_net_0.log,2024-01-20T16:43:45,True,False,False,False,False,False
ce_1012_20240120T180509_network_net_0.log,2024-01-20T18:05:09,True,False,False,False,False,False
ce_1012_20240120T180850_network_net_0.log,2024-01-20T18:08:50,True,False,False,False,False,False
ce_1012_20240120T184209_network_net_0.log,2024-01-20T18:42:09,True,False,False,False,False,False
ce_1012_20240120T191519_network_net_0.log,2024-01-20T19:15:19,True,False,False,False,False,False
ce_1012_20240120T194834_network_net_0.log,2024-01-20T19:48:34,True,False,False,False,False,False
ce_1012_20240120T202148_network_net_0.log,2024-01-20T20:21:48,True,False,False,False,False,False
ce_1012_20240120T205551_network_net_0.log,2024-01-20T20:55:51,False,False,False,False,False,False
ce_1012_20240120T231631_network_net_0.log,2024-01-20T23:16:31,True,False,False,False,False,False
ce_1012_20240120T232109_network_net_0.log,2024-01-20T23:21:09,False,True,False,False,False,False
ce_1012_20240120T232734_network_net_0.log,2024-01-20T23:27:34,False,True,False,False,False,False
ce_1012_20240120T233257_network_net_0.log,2024-01-20T23:32:57,False,True,False,False,False,False
ce_1012_20240120T233834_network_net_0.log,2024-01-20T23:38:34,False,True,False,False,False,False
ce_1012_20240120T234627_network_net_0.log,2024-01-20T23:46:27,False,True,False,False,False,False
ce_1012_20240120T235006_network_net_0.log,2024-01-20T23:50:06,False,True,False,False,False,False
ce_1012_20240120T235544_network_net_0.log,2024-01-20T23:55:44,False,True,False,False,False,False
ce_1012_20240121T000137_network_net_0.log,2024-01-21T00:01:37,False,True,False,False,False,False
ce_1012_20240121T000720_network_net_0.log,2024-01-21T00:07:20,False,True,False,False,False,False
ce_1012_20240121T001309_network_net_0.log,2024-01-21T00:13:09,False,True,False,False,False,False
ce_1012_20240121T001842_network_net_0.log,2024-01-21T00:18:42,False,True,False,False,False,False
ce_1012_20240121T002444_network_net_0.log,2024-01-21T00:24:44,False,True,False,False,False,False
ce_1012_20240121T003053_network_net_0.log,2024-01-21T00:30:53,False,True,False,False,False,False
ce_1012_20240121T003814_network_net_0.log,2024-01-21T00:38:14,False,True,False,False,False,False
ce_1012_20240121T004214_network_net_0.log,2024-01-21T00:42:14,False,True,False,False,False,False
ce_1012_20240121T004713_network_net_0.log,2024-01-21T00:47:13,False,True,False,False,False,False
ce_1012_20240121T005304_network_net_0.log,2024-01-21T00:53:04,False,True,False,False,False,False
ce_1012_20240121T005847_network_net_0.log,2024-01-21T00:58:47,False,True,False,False,False,False
ce_1012_20240121T010425_network_net_0.log,2024-01-21T01:04:25,False,False,True,False,False,True
ce_1012_20240121T011309_network_net_0.log,2024-01-21T01:13:09,False,False,True,False,False,True
ce_1012_20240121T012127_network_net_0.log,2024-01-21T01:21:27,False,False,True,False,False,True
ce_1012_20240121T013124_network_net_0.log,2024-01-21T01:31:24,False,False,True,False,False,True
ce_1012_20240121T014040_network_net_0.log,2024-01-21T01:40:40,True,False,False,False,False,False
ce_1012_20240121T021245_network_net_0.log,2024-01-21T02:12:45,False,False,True,False,False,True
ce_1012_20240121T054805_network_net_0.log,2024-01-21T05:48:05,False,False,True,False,False,True
ce_1012_20240121T062612_network_net_0.log,2024-01-21T06:26:12,False,False,True,False,False,True
ce_1012_20240121T070333_network_net_0.log,2024-01-21T07:03:33,False,False,True,False,False,True
ce_1012_20240121T071257_network_net_0.log,2024-01-21T07:12:57,False,False,True,False,False,True
ce_1012_20240121T075743_network_net_0.log,2024-01-21T07:57:43,True,False,False,False,False,False
ce_1012_20240121T090750_network_net_0.log,2024-01-21T09:07:50,False,False,False,False,False,False
ce_1012_20240121T113136_network_net_0.log,2024-01-21T11:31:36,False,True,False,False,False,False
ce_1012_20240121T113813_network_net_0.log,2024-01-21T11:38:13,False,True,False,False,False,False
ce_1012_20240121T114311_network_net_0.log,2024-01-21T11:43:11,True,False,False,False,False,False
ce_1012_20240121T124615_network_net_0.log,2024-01-21T12:46:15,True,False,False,False,False,False
ce_1012_20240121T134927_network_net_0.log,2024-01-21T13:49:27,True,False,False,False,False,False
ce_1012_20240121T145244_network_net_0.log,2024-01-21T14:52:44,True,False,False,False,False,False
ce_1012_20240121T155601_network_net_0.log,2024-01-21T15:56:01,True,False,False,False,False,False
ce_1012_20240121T165922_network_net_0.log,2024-01-21T16:59:22,True,False,False,False,False,False
ce_1012_20240121T180237_network_net_0.log,2024-01-21T18:02:37,True,False,False,False,False,False
ce_1012_20240121T190549_network_net_0.log,2024-01-21T19:05:49,True,False,False,False,False,False
ce_1012_20240121T200859_network_net_0.log,2024-01-21T20:08:59,True,False,False,False,False,False
ce_1012_20240121T211217_network_net_0.log,2024-01-21T21:12:17,True,False,False,False,False,False
ce_1012_20240121T221527_network_net_1.log,2024-01-21T22:15:27,True,False,False,False,False,False
ce_1012_20240121T231950_network_net_0.log,2024-01-21T23:19:50,True,False,False,False,False,False
ce_1012_20240122T002310_network_net_0.log,2024-01-22T00:23:10,True,False,False,False,False,False
ce_1012_20240122T012623_network_net_0.log,2024-01-22T01:26:23,True,False,False,False,False,False
ce_1012_20240122T022940_network_net_0.log,2024-01-22T02:29:40,True,False,False,False,False,False
ce_1012_20240122T033257_network_net_0.log,2024-01-22T03:32:57,True,False,False,False,False,False
ce_1012_20240122T043615_network_net_0.log,2024-01-22T04:36:15,True,False,False,False,False,False
ce_1012_20240122T054153_network_net_0.log,2024-01-22T05:41:53,True,False,False,False,False,False
ce_1012_20240122T064516_network_net_0.log,2024-01-22T06:45:16,True,False,False,False,False,False
ce_1012_20240122T074832_network_net_0.log,2024-01-22T07:48:32,True,False,False,False,False,False
ce_1012_20240122T111213_network_net_0.log,2024-01-22T11:12:13,False,True,False,False,False,False
ce_1012_20240122T111803_network_net_0.log,2024-01-22T11:18:03,False,True,False,False,False,False
ce_1012_20240122T112401_network_net_0.log,2024-01-22T11:24:01,False,True,False,False,False,False
ce_1012_20240122T112659_network_net_0.log,2024-01-22T11:26:59,False,True,False,False,False,False
ce_1012_20240122T113302_network_net_0.log,2024-01-22T11:33:02,False,True,False,False,False,False
ce_1012_20240122T113524_network_net_0.log,2024-01-22T11:35:24,False,True,False,False,False,False
ce_1012_20240122T114123_network_net_0.log,2024-01-22T11:41:23,False,True,False,False,False,False
ce_1012_20240122T114736_network_net_0.log,2024-01-22T11:47:36,False,True,False,False,False,False
ce_1012_20240122T115247_network_net_0.log,2024-01-22T11:52:47,False,True,False,False,False,False
ce_1012_20240122T115828_network_net_0.log,2024-01-22T11:58:28,False,True,False,False,False,False
ce_1012_20240122T120630_network_net_0.log,2024-01-22T12:06:30,False,True,False,False,False,False
ce_1012_20240122T120956_network_net_0.log,2024-01-22T12:09:56,False,True,False,False,False,False
ce_1012_20240122T121556_network_net_0.log,2024-01-22T12:15:56,False,True,False,False,False,False
ce_1012_20240122T122130_network_net_0.log,2024-01-22T12:21:30,False,True,False,False,False,False
ce_1012_20240122T122332_network_net_0.log,2024-01-22T12:23:32,False,True,False,False,False,False
ce_1012_20240122T122758_network_net_0.log,2024-01-22T12:27:58,False,True,False,False,False,False
ce_1012_20240122T123534_network_net_0.log,2024-01-22T12:35:34,False,True,False,False,False,False
ce_1012_20240122T123857_network_net_0.log,2024-01-22T12:38:57,False,True,False,False,False,False
ce_1012_20240122T124155_network_net_0.log,2024-01-22T12:41:55,False,True,False,False,False,False
ce_1012_20240122T124445_network_net_0.log,2024-01-22T12:44:45,False,True,False,False,False,False
ce_1012_20240122T125239_network_net_1.log,2024-01-22T12:52:39,False,True,False,False,False,False
ce_1012_20240122T125554_network_net_1.log,2024-01-22T12:55:54,False,True,False,False,False,False
ce_1012_20240122T125944_network_net_1.log,2024-01-22T12:59:44,False,True,False,False,False,False
ce_1012_20240122T130150_network_net_1.log,2024-01-22T13:01:50,False,True,False,False,False,False
ce_1012_20240122T130724_network_net_0.log,2024-01-22T13:07:24,False,True,False,False,False,False
ce_1012_20240122T130950_network_net_0.log,2024-01-22T13:09:50,False,True,False,False,False,False
ce_1012_20240122T131306_network_net_0.log,2024-01-22T13:13:06,False,True,False,False,False,False
ce_1012_20240122T131858_network_net_0.log,2024-01-22T13:18:58,False,True,False,False,False,False
ce_1012_20240122T132437_network_net_0.log,2024-01-22T13:24:37,False,True,False,False,False,False
ce_1012_20240122T133015_network_net_0.log,2024-01-22T13:30:15,False,True,False,False,False,False
ce_1012_20240122T133209_network_net_0.log,2024-01-22T13:32:09,False,True,False,False,False,False
ce_1012_20240122T133602_network_net_0.log,2024-01-22T13:36:02,False,True,False,False,False,False
ce_1012_20240122T133736_network_net_0.log,2024-01-22T13:37:36,False,True,False,False,False,False
ce_1012_20240122T134138_network_net_0.log,2024-01-22T13:41:38,False,True,False,False,False,False
ce_1012_20240122T134724_network_net_0.log,2024-01-22T13:47:24,False,True,False,False,False,False
ce_1012_20240122T135312_network_net_0.log,2024-01-22T13:53:12,False,True,False,False,False,False
ce_1012_20240122T135854_network_net_0.log,2024-01-22T13:58:54,False,True,False,False,False,False
ce_1012_20240122T140659_network_net_0.log,2024-01-22T14:06:59,False,True,False,False,False,False
ce_1012_20240122T141042_network_net_0.log,2024-01-22T14:10:42,False,True,False,False,False,False
ce_1012_20240122T141614_network_net_0.log,2024-01-22T14:16:14,False,True,False,False,False,False
ce_1012_20240122T142349_network_net_0.log,2024-01-22T14:23:49,False,True,False,False,False,False
ce_1012_20240122T142758_network_net_0.log,2024-01-22T14:27:58,False,True,False,False,False,False
ce_1012_20240122T143332_network_net_0.log,2024-01-22T14:33:32,False,True,False,False,False,False
ce_1012_20240122T152734_network_net_0.log,2024-01-22T15:27:34,False,True,False,False,False,False
ce_1012_20240122T152931_network_net_0.log,2024-01-22T15:29:31,False,True,False,False,False,False
ce_1012_20240122T161334_network_net_1.log,2024-01-22T16:13:34,True,True,False,False,False,False
ce_1012_20240122T171125_network_net_0.log,2024-01-22T17:11:25,True,False,False,False,False,False
ce_1012_20240122T173508_network_net_0.log,2024-01-22T17:35:08,True,False,False,False,False,False
ce_1012_20240122T180036_network_net_0.log,2024-01-22T18:00:36,True,False,False,False,False,False
ce_1012_20240122T204834_network_net_0.log,2024-01-22T20:48:34,False,True,False,False,False,False
ce_1012_20240122T205239_network_net_0.log,2024-01-22T20:52:39,False,True,False,False,False,False
ce_1012_20240122T205801_network_net_0.log,2024-01-22T20:58:01,False,True,False,False,False,False
ce_1012_20240122T210352_network_net_0.log,2024-01-22T21:03:52,False,True,False,False,False,False
ce_1012_20240122T210936_network_net_0.log,2024-01-22T21:09:36,False,True,False,False,False,False
ce_1012_20240122T211527_network_net_0.log,2024-01-22T21:15:27,False,True,False,False,False,False
ce_1012_20240122T212138_network_net_0.log,2024-01-22T21:21:38,False,True,False,False,False,False
ce_1012_20240122T212311_network_net_0.log,2024-01-22T21:23:11,False,True,False,False,False,False
ce_1012_20240122T212635_network_net_0.log,2024-01-22T21:26:35,True,False,False,False,False,False
ce_1012_20240122T213300_network_net_0.log,2024-01-22T21:33:00,True,False,False,False,False,False
ce_1012_20240122T231658_network_net_0.log,2024-01-22T23:16:58,True,True,False,False,False,False
ce_1012_20240123T005832_network_net_1.log,2024-01-23T00:58:32,True,True,False,False,False,False
ce_1012_20240123T024129_network_net_0.log,2024-01-23T02:41:29,False,True,False,False,False,False
ce_1012_20240123T041543_network_net_0.log,2024-01-23T04:15:43,True,True,False,False,False,False
ce_1012_20240123T055923_network_net_0.log,2024-01-23T05:59:23,True,True,False,False,False,False
ce_1012_20240123T074856_network_net_0.log,2024-01-23T07:48:56,False,True,True,True,False,False
ce_1012_20240123T093734_network_net_0.log,2024-01-23T09:37:34,True,True,False,False,False,False
ce_1012_20240123T113311_network_net_0.log,2024-01-23T11:33:11,False,True,False,False,False,False
ce_1012_20240123T113505_network_net_0.log,2024-01-23T11:35:05,False,True,False,False,False,False
ce_1012_20240123T130820_network_net_0.log,2024-01-23T13:08:20,True,True,False,False,False,False
ce_1012_20240123T150204_network_net_0.log,2024-01-23T15:02:04,False,True,True,False,True,False
ce_1012_20240123T151106_network_net_0.log,2024-01-23T15:11:06,False,True,False,False,False,False
ce_1012_20240123T151634_network_net_0.log,2024-01-23T15:16:34,False,False,False,False,False,False
ce_1012_20240123T152553_network_net_0.log,2024-01-23T15:25:53,True,False,False,False,False,False
ce_1012_20240123T153727_network_net_0.log,2024-01-23T15:37:27,False,True,False,False,False,False
ce_1012_20240123T154228_network_net_0.log,2024-01-23T15:42:28,True,False,False,False,False,False
ce_1012_20240123T171727_network_net_0.log,2024-01-23T17:17:27,True,False,False,False,False,False
ce_1012_20240123T175607_network_net_0.log,2024-01-23T17:56:07,False,False,False,False,False,False
ce_1012_20240123T180330_network_net_0.log,2024-01-23T18:03:30,True,False,False,False,False,False
ce_1012_20240123T181437_network_net_0.log,2024-01-23T18:14:37,True,False,False,False,False,False
ce_1012_20240123T195555_network_net_0.log,2024-01-23T19:55:55,True,True,False,False,False,False
ce_1012_20240123T213625_network_net_0.log,2024-01-23T21:36:25,True,True,False,False,False,False
ce_1012_20240123T232335_network_net_0.log,2024-01-23T23:23:35,False,True,True,False,True,False
ce_1012_20240123T233520_network_net_0.log,2024-01-23T23:35:20,True,False,False,False,False,False
ce_1012_20240124T031233_network_net_0.log,2024-01-24T03:12:33,False,True,True,True,False,False
ce_1012_20240124T045225_network_net_0.log,2024-01-24T04:52:25,False,True,True,False,True,False
ce_1012_20240124T052415_network_net_0.log,2024-01-24T05:24:15,False,True,True,False,True,False
ce_1012_20240124T053005_network_net_0.log,2024-01-24T05:30:05,False,True,True,False,True,False
ce_1012_20240124T054004_network_net_0.log,2024-01-24T05:40:04,False,True,False,False,False,False
ce_1012_20240124T054244_network_net_0.log,2024-01-24T05:42:44,False,True,True,False,True,False
ce_1012_20240124T054836_network_net_0.log,2024-01-24T05:48:36,False,True,False,False,False,False
ce_1012_20240124T055120_network_net_0.log,2024-01-24T05:51:20,True,False,False,False,False,False
ce_1012_20240124T075223_network_net_0.log,2024-01-24T07:52:23,True,True,False,False,False,False
ce_1012_20240124T095808_network_net_1.log,2024-01-24T09:58:08,False,True,False,False,False,False
ce_1012_20240124T113512_network_net_0.log,2024-01-24T11:35:12,False,True,True,False,True,False
ce_1012_20240124T134141_network_net_0.log,2024-01-24T13:41:41,False,True,True,False,True,False
ce_1012_20240124T134825_network_net_0.log,2024-01-24T13:48:25,True,False,False,False,False,False
ce_1012_20240124T154656_network_net_0.log,2024-01-24T15:46:56,True,True,False,False,False,False
ce_1012_20240124T174038_network_net_0.log,2024-01-24T17:40:38,False,True,True,True,False,False
ce_1012_20240124T211904_network_net_0.log,2024-01-24T21:19:04,False,True,True,True,False,False
ce_1012_20240124T231452_network_net_0.log,2024-01-24T23:14:52,False,True,True,True,False,False
ce_1012_20240125T010915_network_net_0.log,2024-01-25T01:09:15,True,True,False,False,False,False
ce_1012_20240125T031711_network_net_0.log,2024-01-25T03:17:11,True,True,False,False,False,False
ce_1012_20240125T051650_network_net_0.log,2024-01-25T05:16:50,True,True,False,False,False,False
ce_1012_20240125T071001_network_net_0.log,2024-01-25T07:10:01,True,True,False,False,False,False
ce_1012_20240125T085858_network_net_0.log,2024-01-25T08:58:58,True,True,False,False,False,False
ce_1012_20240125T104423_network_net_0.log,2024-01-25T10:44:23,False,True,True,False,True,False
ce_1012_20240125T122149_network_net_0.log,2024-01-25T12:21:49,True,True,False,False,False,False
ce_1012_20240125T140733_network_net_0.log,2024-01-25T14:07:33,True,True,False,False,False,False
ce_1012_20240125T143355_network_net_0.log,2024-01-25T14:33:55,True,True,False,False,False,False
ce_1012_20240125T161455_network_net_1.log,2024-01-25T16:14:55,True,True,False,False,False,False
ce_1012_20240125T180439_network_net_0.log,2024-01-25T18:04:39,True,False,False,False,False,False
ce_1012_20240126T033535_network_net_0.log,2024-01-26T03:35:35,False,True,True,False,True,False
ce_1012_20240126T034120_network_net_0.log,2024-01-26T03:41:20,True,False,False,False,False,False
ce_1012_20240126T082647_network_net_0.log,2024-01-26T08:26:47,False,True,True,False,True,False
ce_1012_20240126T083056_network_net_0.log,2024-01-26T08:30:56,False,True,False,False,False,False
ce_1012_20240126T083613_network_net_0.log,2024-01-26T08:36:13,True,False,False,False,False,False
ce_1012_20240126T131745_network_net_0.log,2024-01-26T13:17:45,False,True,False,False,False,False
ce_1012_20240126T174602_network_net_0.log,2024-01-26T17:46:02,True,True,False,False,False,False
ce_1012_20240126T224732_network_net_0.log,2024-01-26T22:47:32,True,True,False,False,False,False
ce_1012_20240127T032540_network_net_0.log,2024-01-27T03:25:40,True,True,False,False,False,False
ce_1012_20240127T081042_network_net_0.log,2024-01-27T08:10:42,True,True,False,False,False,False
ce_1012_20240127T125105_network_net_0.log,2024-01-27T12:51:05,True,True,False,False,False,False
ce_1012_20240127T173543_network_net_0.log,2024-01-27T17:35:43,True,True,False,False,False,False
ce_1012_20240127T221811_network_net_0.log,2024-01-27T22:18:11,True,True,False,False,False,False
ce_1012_20240128T030013_network_net_0.log,2024-01-28T03:00:13,True,True,False,False,False,False
ce_1012_20240128T073831_network_net_0.log,2024-01-28T07:38:31,False,True,True,False,True,False
ce_1012_20240128T121704_network_net_0.log,2024-01-28T12:17:04,False,True,True,False,True,False
ce_1012_20240128T165859_network_net_0.log,2024-01-28T16:58:59,False,True,True,False,True,False
ce_1012_20240128T213217_network_net_0.log,2024-01-28T21:32:17,True,True,False,False,False,False
ce_1012_20240129T022108_network_net_0.log,2024-01-29T02:21:08,False,True,False,False,False,False
ce_1012_20240129T065833_network_net_0.log,2024-01-29T06:58:33,True,True,False,False,False,False
ce_1012_20240129T114218_network_net_0.log,2024-01-29T11:42:18,False,True,False,False,False,False
ce_1012_20240129T161830_network_net_0.log,2024-01-29T16:18:30,False,True,True,False,True,False
ce_1012_20240129T162332_network_net_0.log,2024-01-29T16:23:32,False,False,False,False,False,False
ce_1012_20240129T163229_network_net_0.log,2024-01-29T16:32:29,False,False,True,False,True,False
ce_1012_20240129T163745_network_net_0.log,2024-01-29T16:37:45,False,False,True,False,True,False
ce_1012_20240129T164132_network_net_0.log,2024-01-29T16:41:32,False,False,False,False,False,False
ce_1012_20240129T164536_network_net_0.log,2024-01-29T16:45:36,True,False,False,False,False,False
ce_1012_20240129T213133_network_net_0.log,2024-01-29T21:31:33,False,True,True,False,True,False
ce_1012_20240130T021145_network_net_0.log,2024-01-30T02:11:45,False,True,True,False,True,False
ce_1012_20240130T070456_network_net_0.log,2024-01-30T07:04:56,True,True,False,False,False,False
ce_1012_20240130T120033_network_net_0.log,2024-01-30T12:00:33,False,True,False,False,False,False
ce_1012_20240130T120246_network_net_0.log,2024-01-30T12:02:46,False,True,False,False,False,False
ce_1012_20240130T120418_network_net_0.log,2024-01-30T12:04:18,True,True,False,False,False,False
ce_1012_20240130T163941_network_net_0.log,2024-01-30T16:39:41,False,True,True,False,True,False
ce_1012_20240130T212807_network_net_0.log,2024-01-30T21:28:07,True,True,False,False,False,False
ce_1012_20240131T021906_network_net_0.log,2024-01-31T02:19:06,True,True,False,False,False,False
ce_1012_20240131T070713_network_net_0.log,2024-01-31T07:07:13,False,True,True,True,False,False
ce_1012_20240131T114535_network_net_0.log,2024-01-31T11:45:35,False,True,False,False,False,False
ce_1012_20240131T162139_network_net_0.log,2024-01-31T16:21:39,False,True,True,True,False,False
ce_1012_20240131T210408_network_net_0.log,2024-01-31T21:04:08,False,True,True,True,False,False
ce_1012_20240201T012131_network_net_0.log,2024-02-01T01:21:31,False,True,True,True,False,False
ce_1012_20240201T060420_network_net_0.log,2024-02-01T06:04:20,False,True,True,True,False,False
ce_1012_20240201T105011_network_net_1.log,2024-02-01T10:50:11,True,True,False,False,False,False
ce_1012_20240201T153444_network_net_0.log,2024-02-01T15:34:44,False,True,True,False,True,False
ce_1012_20240201T153934_network_net_0.log,2024-02-01T15:39:34,True,False,False,False,False,False
ce_1012_20240202T010403_network_net_0.log,2024-02-02T01:04:03,False,True,True,False,True,False
ce_1012_20240202T054441_network_net_0.log,2024-02-02T05:44:41,True,True,False,False,False,False
ce_1012_20240202T104940_network_net_0.log,2024-02-02T10:49:40,False,True,False,False,False,False
ce_1012_20240202T152641_network_net_0.log,2024-02-02T15:26:41,False,True,True,False,True,False
ce_1012_20240202T200634_network_net_0.log,2024-02-02T20:06:34,False,True,True,False,True,False
ce_1012_20240203T005143_network_net_0.log,2024-02-03T00:51:43,True,True,False,False,False,False
ce_1012_20240203T054031_network_net_0.log,2024-02-03T05:40:31,True,True,False,False,False,False
ce_1012_20240203T151715_network_net_0.log,2024-02-03T15:17:15,False,True,True,False,True,False
ce_1012_20240203T200306_network_net_0.log,2024-02-03T20:03:06,False,True,True,False,True,False
ce_1012_20240203T200851_network_net_0.log,2024-02-03T20:08:51,True,False,False,False,False,False
ce_1012_20240204T010641_network_net_0.log,2024-02-04T01:06:41,False,True,True,False,True,False
ce_1012_20240204T055533_network_net_0.log,2024-02-04T05:55:33,False,True,True,False,True,False
ce_1012_20240204T104139_network_net_0.log,2024-02-04T10:41:39,False,True,True,False,True,False
ce_1012_20240204T152905_network_net_0.log,2024-02-04T15:29:05,False,True,False,False,False,False
ce_1012_20240204T201657_network_net_0.log,2024-02-04T20:16:57,False,True,True,False,True,False
ce_1012_20240205T010201_network_net_0.log,2024-02-05T01:02:01,False,True,True,False,True,False
ce_1012_20240205T011617_network_net_0.log,2024-02-05T01:16:17,True,True,False,False,False,False
ce_1012_20240205T060307_network_net_0.log,2024-02-05T06:03:07,False,True,True,False,True,False
ce_1012_20240205T105336_network_net_0.log,2024-02-05T10:53:36,False,True,True,True,False,False
ce_1012_20240205T154643_network_net_0.log,2024-02-05T15:46:43,False,True,False,False,False,False
ce_1012_20240205T202813_network_net_0.log,2024-02-05T20:28:13,True,True,False,False,False,False
ce_1012_20240206T010905_network_net_0.log,2024-02-06T01:09:05,True,True,False,False,False,False
ce_1012_20240206T061212_network_net_0.log,2024-02-06T06:12:12,True,True,False,False,False,False
ce_1012_20240206T110243_network_net_0.log,2024-02-06T11:02:43,False,True,True,True,False,False
ce_1012_20240206T160154_network_net_0.log,2024-02-06T16:01:54,False,True,True,True,False,False
ce_1012_20240206T202102_network_net_0.log,2024-02-06T20:21:02,False,True,True,True,False,False
ce_1012_20240207T011023_network_net_0.log,2024-02-07T01:10:23,True,True,False,False,False,False
ce_1012_20240207T060211_network_net_0.log,2024-02-07T06:02:11,True,True,False,False,False,False
ce_1012_20240207T105806_network_net_0.log,2024-02-07T10:58:06,False,True,True,True,False,False
ce_1012_20240207T154421_network_net_0.log,2024-02-07T15:44:21,False,True,False,False,False,False
ce_1012_20240207T202528_network_net_0.log,2024-02-07T20:25:28,True,True,False,False,False,False
ce_1012_20240208T010203_network_net_0.log,2024-02-08T01:02:03,False,True,False,False,False,False
ce_1012_20240208T054538_network_net_0.log,2024-02-08T05:45:38,False,True,True,False,True,False
ce_1012_20240208T103940_network_net_0.log,2024-02-08T10:39:40,False,True,True,False,True,False
ce_1012_20240208T154101_network_net_0.log,2024-02-08T15:41:01,False,True,True,False,True,False
ce_1012_20240208T154715_network_net_0.log,2024-02-08T15:47:15,False,False,False,False,False,False
ce_1012_20240208T155508_network_net_0.log,2024-02-08T15:55:08,False,True,False,False,False,False
ce_1012_20240208T155657_network_net_0.log,2024-02-08T15:56:57,False,False,False,False,False,False
ce_1012_20240208T160704_network_net_0.log,2024-02-08T16:07:04,False,False,False,False,False,False
ce_1012_20240208T161122_network_net_0.log,2024-02-08T16:11:22,False,False,False,False,False,False
ce_1012_20240208T210744_network_net_0.log,2024-02-08T21:07:44,True,True,False,False,False,False
ce_1012_20240209T020632_network_net_0.log,2024-02-09T02:06:32,True,True,False,False,False,False
ce_1012_20240209T065036_network_net_0.log,2024-02-09T06:50:36,True,True,False,False,False,False
ce_1012_20240209T113458_network_net_0.log,2024-02-09T11:34:58,False,True,True,False,True,False
ce_1012_20240209T114634_network_net_0.log,2024-02-09T11:46:34,True,True,False,False,False,False
ce_1012_20240209T163404_network_net_0.log,2024-02-09T16:34:04,True,True,False,False,False,False
ce_1012_20240209T214151_network_net_0.log,2024-02-09T21:41:51,False,True,False,False,False,False
ce_1012_20240210T023351_network_net_0.log,2024-02-10T02:33:51,False,True,True,True,False,False
ce_1012_20240210T073304_network_net_0.log,2024-02-10T07:33:04,False,True,True,False,True,False
ce_1012_20240210T171232_network_net_0.log,2024-02-10T17:12:32,True,True,False,False,False,False
ce_1012_20240210T222228_network_net_0.log,2024-02-10T22:22:28,True,True,False,False,False,False
ce_1012_20240211T032732_network_net_0.log,2024-02-11T03:27:32,False,True,False,False,False,False
ce_1012_20240211T033017_network_net_0.log,2024-02-11T03:30:17,True,True,False,False,False,False
ce_1012_20240211T081201_network_net_0.log,2024-02-11T08:12:01,False,True,True,False,True,False
ce_1012_20240211T082234_network_net_0.log,2024-02-11T08:22:34,True,True,False,False,False,False
ce_1012_20240211T130907_network_net_0.log,2024-02-11T13:09:07,True,True,False,False,False,False
ce_1012_20240211T180529_network_net_0.log,2024-02-11T18:05:29,True,True,False,False,False,False
ce_1012_20240211T230107_network_net_0.log,2024-02-11T23:01:07,False,True,True,False,True,False
ce_1012_20240212T035034_network_net_0.log,2024-02-12T03:50:34,False,True,True,False,True,False
ce_1012_20240212T084242_network_net_0.log,2024-02-12T08:42:42,False,True,True,False,True,False
ce_1012_20240212T133423_network_net_0.log,2024-02-12T13:34:23,False,True,True,False,True,False
ce_1012_20240212T134214_network_net_0.log,2024-02-12T13:42:14,True,False,False,False,False,False
ce_1012_20240212T184612_network_net_0.log,2024-02-12T18:46:12,True,True,False,False,False,False
ce_1012_20240212T235725_network_net_0.log,2024-02-12T23:57:25,False,True,False,False,False,False
ce_1012_20240213T000030_network_net_0.log,2024-02-13T00:00:30,True,True,False,False,False,False
ce_1012_20240213T044506_network_net_0.log,2024-02-13T04:45:06,True,True,False,False,False,False
ce_1012_20240213T094208_network_net_0.log,2024-02-13T09:42:08,True,True,False,False,False,False
ce_1012_20240213T143805_network_net_0.log,2024-02-13T14:38:05,False,True,False,False,False,False
ce_1012_20240213T143954_network_net_0.log,2024-02-13T14:39:54,False,True,True,False,True,False
ce_1012_20240213T192442_network_net_0.log,2024-02-13T19:24:42,False,True,False,False,False,False
ce_1012_20240214T001103_network_net_0.log,2024-02-14T00:11:03,False,True,True,False,True,False
ce_1012_20240214T045105_network_net_0.log,2024-02-14T04:51:05,True,True,False,False,False,False
ce_1012_20240214T080609_network_net_0.log,2024-02-14T08:06:09,True,True,False,False,False,False
ce_1012_20240214T121910_network_net_0.log,2024-02-14T12:19:10,False,True,True,False,True,False
ce_1012_20240214T165804_network_net_0.log,2024-02-14T16:58:04,True,True,False,False,False,False
ce_1012_20240214T214331_network_net_0.log,2024-02-14T21:43:31,False,True,True,True,False,False
ce_1012_20240215T012121_network_net_0.log,2024-02-15T01:21:21,True,True,False,False,False,False
ce_1012_20240215T042420_network_net_0.log,2024-02-15T04:24:20,True,True,False,False,False,False
ce_1012_20240215T070355_network_net_0.log,2024-02-15T07:03:55,False,True,True,False,True,False
ce_1012_20240215T091704_network_net_0.log,2024-02-15T09:17:04,True,True,False,False,False,False
ce_1012_20240215T112419_network_net_0.log,2024-02-15T11:24:19,True,True,False,False,False,False
ce_1012_20240215T132116_network_net_1.log,2024-02-15T13:21:16,False,True,False,False,False,False
ce_1012_20240215T132421_network_net_1.log,2024-02-15T13:24:21,True,True,False,False,False,False
ce_1012_20240215T150029_network_net_0.log,2024-02-15T15:00:29,False,True,False,False,False,False
ce_1012_20240215T150334_network_net_0.log,2024-02-15T15:03:34,True,True,False,False,False,False
ce_1012_20240215T164055_network_net_0.log,2024-02-15T16:40:55,False,True,True,False,True,False
ce_1012_20240215T164755_network_net_0.log,2024-02-15T16:47:55,False,True,True,True,False,False
ce_1012_20240215T183607_network_net_1.log,2024-02-15T18:36:07,True,True,False,False,False,False
ce_1012_20240215T202417_network_net_0.log,2024-02-15T20:24:17,True,True,False,False,False,False
ce_1012_20240215T222534_network_net_0.log,2024-02-15T22:25:34,True,True,False,False,False,False
ce_1012_20240216T003726_network_net_0.log,2024-02-16T00:37:26,True,True,False,False,False,False
ce_1012_20240216T030015_network_net_0.log,2024-02-16T03:00:15,False,True,True,False,True,False
ce_1012_20240216T031057_network_net_0.log,2024-02-16T03:10:57,False,True,False,False,False,False
ce_1012_20240216T031551_network_net_0.log,2024-02-16T03:15:51,True,True,False,False,False,False
ce_1012_20240216T055124_network_net_0.log,2024-02-16T05:51:24,False,True,True,False,True,False
ce_1012_20240216T084135_network_net_0.log,2024-02-16T08:41:35,False,True,True,False,True,False
ce_1012_20240216T114539_network_net_1.log,2024-02-16T11:45:39,True,True,False,False,False,False
ce_1012_20240216T160017_network_net_0.log,2024-02-16T16:00:17,True,True,False,False,False,False
ce_1012_20240216T205842_network_net_0.log,2024-02-16T20:58:42,True,True,False,False,False,False
ce_1012_20240217T015811_network_net_0.log,2024-02-17T01:58:11,True,True,False,False,False,False
ce_1012_20240217T060750_network_net_0.log,2024-02-17T06:07:50,False,True,True,False,True,False
ce_1012_20240217T081311_network_net_0.log,2024-02-17T08:13:11,True,True,False,False,False,False
ce_1012_20240217T113144_network_net_0.log,2024-02-17T11:31:44,True,True,False,False,False,False
ce_1012_20240217T144504_network_net_0.log,2024-02-17T14:45:04,False,True,True,False,True,False
ce_1012_20240217T153241_network_net_0.log,2024-02-17T15:32:41,True,True,False,False,False,False
ce_1012_20240217T194538_network_net_1.log,2024-02-17T19:45:38,True,True,False,False,False,False
ce_1012_20240217T223053_network_net_0.log,2024-02-17T22:30:53,True,True,False,False,False,False
ce_1012_20240218T003053_network_net_0.log,2024-02-18T00:30:53,True,True,False,False,False,False
ce_1012_20240218T045406_network_net_0.log,2024-02-18T04:54:06,True,True,False,False,False,False
ce_1012_20240218T092846_network_net_0.log,2024-02-18T09:28:46,True,True,False,False,False,False
ce_1012_20240218T130933_network_net_0.log,2024-02-18T13:09:33,False,True,False,False,False,False
ce_1012_20240218T161028_network_net_0.log,2024-02-18T16:10:28,True,True,False,False,False,False
ce_1012_20240218T190055_network_net_0.log,2024-02-18T19:00:55,False,True,True,False,True,False
ce_1012_20240218T213535_network_net_0.log,2024-02-18T21:35:35,True,True,False,False,False,False
ce_1012_20240218T235607_network_net_0.log,2024-02-18T23:56:07,True,True,False,False,False,False
ce_1012_20240219T020300_network_net_0.log,2024-02-19T02:03:00,True,True,False,False,False,False
ce_1012_20240219T040312_network_net_0.log,2024-02-19T04:03:12,True,True,False,False,False,False
ce_1012_20240219T092755_network_net_0.log,2024-02-19T09:27:55,True,True,False,False,False,False
ce_1012_20240219T110514_network_net_0.log,2024-02-19T11:05:14,True,True,False,False,False,False
ce_1012_20240219T113617_network_net_0.log,2024-02-19T11:36:17,True,True,False,False,False,False
ce_1012_20240219T120308_network_net_0.log,2024-02-19T12:03:08,True,True,False,False,False,False
ce_1012_20240219T124158_network_net_0.log,2024-02-19T12:41:58,True,True,False,False,False,False
ce_1012_20240219T134043_network_net_0.log,2024-02-19T13:40:43,True,True,False,False,False,False
ce_1012_20240219T142453_network_net_0.log,2024-02-19T14:24:53,True,True,False,False,False,False
ce_1012_20240219T154216_network_net_0.log,2024-02-19T15:42:16,True,False,False,False,False,False
ce_1012_20240219T160736_network_net_0.log,2024-02-19T16:07:36,True,False,False,False,False,False
ce_1012_20240219T162551_network_net_0.log,2024-02-19T16:25:51,True,False,False,False,False,False
ce_1012_20240219T163821_network_net_0.log,2024-02-19T16:38:21,True,False,False,False,False,False
ce_1012_20240219T165047_network_net_1.log,2024-02-19T16:50:47,True,False,False,False,False,False
ce_1012_20240219T170426_network_net_0.log,2024-02-19T17:04:26,False,False,False,False,False,False
ce_1012_20240219T170737_network_net_0.log,2024-02-19T17:07:37,False,False,False,False,False,False
ce_1012_20240219T171746_network_net_0.log,2024-02-19T17:17:46,True,False,False,False,False,False
